Workbook

Sheet ReadMe
A1: Created by: | B1: AT
A3: Tab Landscape Data contains the organizationname and state pairs from the landscape files. The variable mlr_name is my manual assignment of the corresponding MLR name.
A4: Tab MLR Data contains the MLR business state, company name, and group affiliation for observations where MLR was nonmissing and nonnegative.

Sheet Landscape Data
A1: state and org name | B1: state | C1: organizationname | D1: mlr_name_exact | E1: mlr_name
A2: =B2&" "&C2 -> OR PacificSource Medicare | B2: OR | C2: PacificSource Medicare | D2: =IFERROR(VLOOKUP(A2,'MLR Data'!$A$2:$D$706,4,0),"") | E2: PacificSource Health Plans
A3: =B3&" "&C3 -> VA Humana Insurance Company | B3: VA | C3: Humana Insurance Company | D3: =IFERROR(VLOOKUP(A3,'MLR Data'!$A$2:$D$706,4,0),"") | E3: Humana Insurance Company, Inc.
A4: =B4&" "&C4 -> MI Blue Cross Blue Shield of Michigan | B4: MI | C4: Blue Cross Blue Shield of Michigan | D4: =IFERROR(VLOOKUP(A4,'MLR Data'!$A$2:$D$706,4,0),"") -> Blue Cross Blue Shield of Michigan | E4: Blue Cross Blue Shield of Michigan
A5: =B5&" "&C5 -> NC Humana Insurance Company | B5: NC | C5: Humana Insurance Company | D5: =IFERROR(VLOOKUP(A5,'MLR Data'!$A$2:$D$706,4,0),"") | E5: Humana Insurance Company, Inc.
A6: =B6&" "&C6 -> WI Humana Insurance Company | B6: WI | C6: Humana Insurance Company | D6: =IFERROR(VLOOKUP(A6,'MLR Data'!$A$2:$D$706,4,0),"") | E6: Humana Insurance Company, Inc.
A7: =B7&" "&C7 -> MN Humana Insurance Company | B7: MN | C7: Humana Insurance Company | D7: =IFERROR(VLOOKUP(A7,'MLR Data'!$A$2:$D$706,4,0),"") | E7: Humana Insurance Company, Inc.
A8: =B8&" "&C8 -> OH Humana Insurance Company | B8: OH | C8: Humana Insurance Company | D8: =IFERROR(VLOOKUP(A8,'MLR Data'!$A$2:$D$706,4,0),"") | E8: Humana Insurance Company, Inc.
A9: =B9&" "&C9 -> GA Humana Insurance Company | B9: GA | C9: Humana Insurance Company | D9: =IFERROR(VLOOKUP(A9,'MLR Data'!$A$2:$D$706,4,0),"") | E9: Humana Insurance Company, Inc.
A10: =B10&" "&C10 -> MO Humana Insurance Company | B10: MO | C10: Humana Insurance Company | D10: =IFERROR(VLOOKUP(A10,'MLR Data'!$A$2:$D$706,4,0),"") | E10: Humana Insurance Company, Inc.
A11: =B11&" "&C11 -> IA Humana Insurance Company | B11: IA | C11: Humana Insurance Company | D11: =IFERROR(VLOOKUP(A11,'MLR Data'!$A$2:$D$706,4,0),"") | E11: Humana Insurance Company, Inc.
A12: =B12&" "&C12 -> IN Humana Insurance Company | B12: IN | C12: Humana Insurance Company | D12: =IFERROR(VLOOKUP(A12,'MLR Data'!$A$2:$D$706,4,0),"") | E12: Humana Insurance Company, Inc.
A13: =B13&" "&C13 -> OH Anthem Blue Cross and Blue Shield | B13: OH | C13: Anthem Blue Cross and Blue Shield | D13: =IFERROR(VLOOKUP(A13,'MLR Data'!$A$2:$D$706,4,0),"") | E13: Anthem Insurance Companies, Inc.
A14: =B14&" "&C14 -> FL WellCare | B14: FL | C14: WellCare | D14: =IFERROR(VLOOKUP(A14,'MLR Data'!$A$2:$D$706,4,0),"")
A15: =B15&" "&C15 -> PA Highmark Health Services | B15: PA | C15: Highmark Health Services | D15: =IFERROR(VLOOKUP(A15,'MLR Data'!$A$2:$D$706,4,0),"") | E15: Highmark, Inc.
A16: =B16&" "&C16 -> AR Humana Insurance Company | B16: AR | C16: Humana Insurance Company | D16: =IFERROR(VLOOKUP(A16,'MLR Data'!$A$2:$D$706,4,0),"") | E16: Humana Insurance Company, Inc.
A17: =B17&" "&C17 -> AL Blue Cross Blue Shield of Alabama | B17: AL | C17: Blue Cross Blue Shield of Alabama | D17: =IFERROR(VLOOKUP(A17,'MLR Data'!$A$2:$D$706,4,0),"") | E17: Blue Cross and Blue Shield of Alabama
A18: =B18&" "&C18 -> WI Unicare Life & Health Ins. Company | B18: WI | C18: Unicare Life & Health Ins. Company | D18: =IFERROR(VLOOKUP(A18,'MLR Data'!$A$2:$D$706,4,0),"") | E18: UNICARE Life & Health Insurance Company
A19: =B19&" "&C19 -> FL Freedom Health, Inc. | B19: FL | C19: Freedom Health, Inc. | D19: =IFERROR(VLOOKUP(A19,'MLR Data'!$A$2:$D$706,4,0),"")
A20: =B20&" "&C20 -> KY Humana Insurance Company | B20: KY | C20: Humana Insurance Company | D20: =IFERROR(VLOOKUP(A20,'MLR Data'!$A$2:$D$706,4,0),"") | E20: Humana Insurance Company, Inc.
A21: =B21&" "&C21 -> TN BlueCross BlueShield of Tennessee | B21: TN | C21: BlueCross BlueShield of Tennessee | D21: =IFERROR(VLOOKUP(A21,'MLR Data'!$A$2:$D$706,4,0),"") | E21: BlueCross BlueShield of Tennessee, Inc.
A22: =B22&" "&C22 -> TN Humana Insurance Company | B22: TN | C22: Humana Insurance Company | D22: =IFERROR(VLOOKUP(A22,'MLR Data'!$A$2:$D$706,4,0),"") | E22: Humana Insurance Company, Inc.
A23: =B23&" "&C23 -> SC Humana Insurance Company | B23: SC | C23: Humana Insurance Company | D23: =IFERROR(VLOOKUP(A23,'MLR Data'!$A$2:$D$706,4,0),"") | E23: Humana Insurance Company, Inc.
A24: =B24&" "&C24 -> TX Humana Insurance Company | B24: TX | C24: Humana Insurance Company | D24: =IFERROR(VLOOKUP(A24,'MLR Data'!$A$2:$D$706,4,0),"") | E24: Humana Health Plan of Texas, Inc.
A25: =B25&" "&C25 -> FL Universal Health Care, Inc. | B25: FL | C25: Universal Health Care, Inc. | D25: =IFERROR(VLOOKUP(A25,'MLR Data'!$A$2:$D$706,4,0),"")
A26: =B26&" "&C26 -> PA Humana Insurance Company | B26: PA | C26: Humana Insurance Company | D26: =IFERROR(VLOOKUP(A26,'MLR Data'!$A$2:$D$706,4,0),"") | E26: Humana Insurance Company, Inc.
A27: =B27&" "&C27 -> MI Humana Insurance Company | B27: MI | C27: Humana Insurance Company | D27: =IFERROR(VLOOKUP(A27,'MLR Data'!$A$2:$D$706,4,0),"") | E27: Humana Insurance Company, Inc.
A28: =B28&" "&C28 -> PA HealthAmerica Advantra | B28: PA | C28: HealthAmerica Advantra | D28: =IFERROR(VLOOKUP(A28,'MLR Data'!$A$2:$D$706,4,0),"") | E28: HealthAmerica Pennsylvania, Inc.
A29: =B29&" "&C29 -> NJ Horizon Blue Cross Blue Shield of New Jersey, Inc. | B29: NJ | C29: Horizon Blue Cross Blue Shield of New Jersey, Inc. | D29: =IFERROR(VLOOKUP(A29,'MLR Data'!$A$2:$D$706,4,0),"") | E29: Horizon Healthcare of New Jersey
A30: =B30&" "&C30 -> MN Medica Health Plans | B30: MN | C30: Medica Health Plans | D30: =IFERROR(VLOOKUP(A30,'MLR Data'!$A$2:$D$706,4,0),"") -> Medica Health Plans | E30: Medica Health Plans
A31: =B31&" "&C31 -> NC SecureHorizons by UnitedHealthcare | B31: NC | C31: SecureHorizons by UnitedHealthcare | D31: =IFERROR(VLOOKUP(A31,'MLR Data'!$A$2:$D$706,4,0),"") | E31: UnitedHealthcare Insurance Company
A32: =B32&" "&C32 -> MN UCare | B32: MN | C32: UCare | D32: =IFERROR(VLOOKUP(A32,'MLR Data'!$A$2:$D$706,4,0),"")
A33: =B33&" "&C33 -> PA UPMC Health Plan | B33: PA | C33: UPMC Health Plan | D33: =IFERROR(VLOOKUP(A33,'MLR Data'!$A$2:$D$706,4,0),"") | E33: UPMC Health Plan, Inc.
A34: =B34&" "&C34 -> IL Humana Insurance Company | B34: IL | C34: Humana Insurance Company | D34: =IFERROR(VLOOKUP(A34,'MLR Data'!$A$2:$D$706,4,0),"") | E34: Humana Insurance Company, Inc.
A35: =B35&" "&C35 -> MS Humana Insurance Company | B35: MS | C35: Humana Insurance Company | D35: =IFERROR(VLOOKUP(A35,'MLR Data'!$A$2:$D$706,4,0),"") | E35: Humana Insurance Company, Inc.
A36: =B36&" "&C36 -> NJ Aetna Medicare | B36: NJ | C36: Aetna Medicare | D36: =IFERROR(VLOOKUP(A36,'MLR Data'!$A$2:$D$706,4,0),"") | E36: Aetna Health Inc. (a New Jersey corporation)
A37: =B37&" "&C37 -> TN Cariten Health Plan, Inc. | B37: TN | C37: Cariten Health Plan, Inc. | D37: =IFERROR(VLOOKUP(A37,'MLR Data'!$A$2:$D$706,4,0),"")
A38: =B38&" "&C38 -> MN Medica Insurance Company | B38: MN | C38: Medica Insurance Company | D38: =IFERROR(VLOOKUP(A38,'MLR Data'!$A$2:$D$706,4,0),"") -> Medica Insurance Company | E38: Medica Insurance Company
A39: =B39&" "&C39 -> OK Humana Insurance Company | B39: OK | C39: Humana Insurance Company | D39: =IFERROR(VLOOKUP(A39,'MLR Data'!$A$2:$D$706,4,0),"") | E39: Humana Insurance Company, Inc.
A40: =B40&" "&C40 -> CO Humana Insurance Company | B40: CO | C40: Humana Insurance Company | D40: =IFERROR(VLOOKUP(A40,'MLR Data'!$A$2:$D$706,4,0),"") | E40: Humana Health Plan, Inc.
A41: =B41&" "&C41 -> MO SecureHorizons by UnitedHealthcare | B41: MO | C41: SecureHorizons by UnitedHealthcare | D41: =IFERROR(VLOOKUP(A41,'MLR Data'!$A$2:$D$706,4,0),"") | E41: UnitedHealthcare Insurance Company
A42: =B42&" "&C42 -> NC PARTNERS National Health Plans, a BCBSNC company | B42: NC | C42: PARTNERS National Health Plans, a BCBSNC company | D42: =IFERROR(VLOOKUP(A42,'MLR Data'!$A$2:$D$706,4,0),"") | E42: Blue Cross Blue Shield of NC
A43: =B43&" "&C43 -> MN UCare Minnesota | B43: MN | C43: UCare Minnesota | D43: =IFERROR(VLOOKUP(A43,'MLR Data'!$A$2:$D$706,4,0),"")
A44: =B44&" "&C44 -> MT Humana Insurance Company | B44: MT | C44: Humana Insurance Company | D44: =IFERROR(VLOOKUP(A44,'MLR Data'!$A$2:$D$706,4,0),"") | E44: Humana Insurance Company, Inc.
A45: =B45&" "&C45 -> PA Keystone Health Plan West, Inc. | B45: PA | C45: Keystone Health Plan West, Inc. | D45: =IFERROR(VLOOKUP(A45,'MLR Data'!$A$2:$D$706,4,0),"") -> Keystone Health Plan West, Inc. | E45: Keystone Health Plan West, Inc.
A46: =B46&" "&C46 -> IA SecureHorizons by UnitedHealthcare | B46: IA | C46: SecureHorizons by UnitedHealthcare | D46: =IFERROR(VLOOKUP(A46,'MLR Data'!$A$2:$D$706,4,0),"") | E46: UnitedHealthcare Insurance Company
A47: =B47&" "&C47 -> NY Excellus Health Plan, Inc. | B47: NY | C47: Excellus Health Plan, Inc. | D47: =IFERROR(VLOOKUP(A47,'MLR Data'!$A$2:$D$706,4,0),"") | E47: Excellus Health Plan, Inc
A48: =B48&" "&C48 -> GA SecureHorizons by UnitedHealthcare | B48: GA | C48: SecureHorizons by UnitedHealthcare | D48: =IFERROR(VLOOKUP(A48,'MLR Data'!$A$2:$D$706,4,0),"") | E48: UnitedHealthcare Insurance Company
A49: =B49&" "&C49 -> AL Humana Insurance Company | B49: AL | C49: Humana Insurance Company | D49: =IFERROR(VLOOKUP(A49,'MLR Data'!$A$2:$D$706,4,0),"") | E49: Humana Insurance Company, Inc.
A50: =B50&" "&C50 -> UT Humana Insurance Company | B50: UT | C50: Humana Insurance Company | D50: =IFERROR(VLOOKUP(A50,'MLR Data'!$A$2:$D$706,4,0),"") | E50: Humana Insurance Company, Inc.
A51: =B51&" "&C51 -> AL Blue Cross and Blue Shield of Alabama | B51: AL | C51: Blue Cross and Blue Shield of Alabama | D51: =IFERROR(VLOOKUP(A51,'MLR Data'!$A$2:$D$706,4,0),"") -> Blue Cross and Blue Shield of Alabama | E51: Blue Cross and Blue Shield of Alabama
A52: =B52&" "&C52 -> ID Humana Insurance Company | B52: ID | C52: Humana Insurance Company | D52: =IFERROR(VLOOKUP(A52,'MLR Data'!$A$2:$D$706,4,0),"") | E52: Humana Insurance Company, Inc.
A53: =B53&" "&C53 -> WV Humana Insurance Company | B53: WV | C53: Humana Insurance Company | D53: =IFERROR(VLOOKUP(A53,'MLR Data'!$A$2:$D$706,4,0),"") | E53: Humana Insurance Company, Inc.
A54: =B54&" "&C54 -> FL Humana Medical Plan, Inc. | B54: FL | C54: Humana Medical Plan, Inc. | D54: =IFERROR(VLOOKUP(A54,'MLR Data'!$A$2:$D$706,4,0),"") -> Humana Medical Plan, Inc. | E54: Humana Medical Plan, Inc.
A55: =B55&" "&C55 -> NY WellCare | B55: NY | C55: WellCare | D55: =IFERROR(VLOOKUP(A55,'MLR Data'!$A$2:$D$706,4,0),"")
A56: =B56&" "&C56 -> TN Cigna-HealthSpring | B56: TN | C56: Cigna-HealthSpring | D56: =IFERROR(VLOOKUP(A56,'MLR Data'!$A$2:$D$706,4,0),"") | E56: Connecticut General Life Insurance Company
A57: =B57&" "&C57 -> WI SecureHorizons by UnitedHealthcare | B57: WI | C57: SecureHorizons by UnitedHealthcare | D57: =IFERROR(VLOOKUP(A57,'MLR Data'!$A$2:$D$706,4,0),"") | E57: UnitedHealthcare Insurance Company
A58: =B58&" "&C58 -> NM Humana Insurance Company | B58: NM | C58: Humana Insurance Company | D58: =IFERROR(VLOOKUP(A58,'MLR Data'!$A$2:$D$706,4,0),"") | E58: Humana Insurance Company, Inc.
A59: =B59&" "&C59 -> CA Kaiser Permanente Senior Advantage | B59: CA | C59: Kaiser Permanente Senior Advantage | D59: =IFERROR(VLOOKUP(A59,'MLR Data'!$A$2:$D$706,4,0),"") | E59: Kaiser Foundation Health Plan, Inc.
A60: =B60&" "&C60 -> MI Priority Health Medicare | B60: MI | C60: Priority Health Medicare | D60: =IFERROR(VLOOKUP(A60,'MLR Data'!$A$2:$D$706,4,0),"") | E60: Priority Health Insurance Company, Inc
A61: =B61&" "&C61 -> PA Geisinger Health Plan Gold | B61: PA | C61: Geisinger Health Plan Gold | D61: =IFERROR(VLOOKUP(A61,'MLR Data'!$A$2:$D$706,4,0),"") | E61: Geisinger Health Plan
A62: =B62&" "&C62 -> AL VIVA Medicare Plus | B62: AL | C62: VIVA Medicare Plus | D62: =IFERROR(VLOOKUP(A62,'MLR Data'!$A$2:$D$706,4,0),"") | E62: VIVA Health, Inc.
A63: =B63&" "&C63 -> AL Healthspring of Alabama, Inc. | B63: AL | C63: Healthspring of Alabama, Inc. | D63: =IFERROR(VLOOKUP(A63,'MLR Data'!$A$2:$D$706,4,0),"") -> HealthSpring of Alabama, Inc. | E63: HealthSpring of Alabama, Inc.
A64: =B64&" "&C64 -> MN Blue Plus | B64: MN | C64: Blue Plus | D64: =IFERROR(VLOOKUP(A64,'MLR Data'!$A$2:$D$706,4,0),"") | E64: BCBSM, INC.
A65: =B65&" "&C65 -> NY Empire BlueCross BlueShield | B65: NY | C65: Empire BlueCross BlueShield | D65: =IFERROR(VLOOKUP(A65,'MLR Data'!$A$2:$D$706,4,0),"") | E65: Empire HealthChoice Assurance, Inc.
A66: =B66&" "&C66 -> NY SecureHorizons by UnitedHealthcare | B66: NY | C66: SecureHorizons by UnitedHealthcare | D66: =IFERROR(VLOOKUP(A66,'MLR Data'!$A$2:$D$706,4,0),"") | E66: UnitedHealthcare Insurance Company of New York
A67: =B67&" "&C67 -> OH SecureHorizons by UnitedHealthcare | B67: OH | C67: SecureHorizons by UnitedHealthcare | D67: =IFERROR(VLOOKUP(A67,'MLR Data'!$A$2:$D$706,4,0),"") | E67: UnitedHealthcare Insurance Company
... A74: =B74&" "&C74 -> WI Security Health Plan of Wisconsin, Inc. | B74: WI | C74: Security Health Plan of Wisconsin, Inc. | D74: =IFERROR(VLOOKUP(A74,'MLR Data'!$A$2:$D$706,4,0),"") -> Security Health Plan of Wisconsin, Inc. | E74: Security Health Plan of Wisconsin, Inc.
A75: =B75&" "&C75 -> GA UNIVERSAL HEALTH CARE INSURANCE COMPANY, INC. | B75: GA | C75: UNIVERSAL HEALTH CARE INSURANCE COMPANY, INC. | D75: =IFERROR(VLOOKUP(A75,'MLR Data'!$A$2:$D$706,4,0),"")
A76: =B76&" "&C76 -> GA Universal Health Care Insurance Company, Inc. | B76: GA | C76: Universal Health Care Insurance Company, Inc. | D76: =IFERROR(VLOOKUP(A76,'MLR Data'!$A$2:$D$706,4,0),"")
A77: =B77&" "&C77 -> MA Tufts Health Plan | B77: MA | C77: Tufts Health Plan | D77: =IFERROR(VLOOKUP(A77,'MLR Data'!$A$2:$D$706,4,0),"") | E77: Tufts Insurance Company
A78: =B78&" "&C78 -> PA Aetna Medicare | B78: PA | C78: Aetna Medicare | D78: =IFERROR(VLOOKUP(A78,'MLR Data'!$A$2:$D$706,4,0),"") | E78: Aetna Health Inc. (a Pennsylvania corporation)
A79: =B79&" "&C79 -> WA Sterling Life Insurance Company | B79: WA | C79: Sterling Life Insurance Company | D79: =IFERROR(VLOOKUP(A79,'MLR Data'!$A$2:$D$706,4,0),"")
A80: =B80&" "&C80 -> MI Blue Care Network | B80: MI | C80: Blue Care Network | D80: =IFERROR(VLOOKUP(A80,'MLR Data'!$A$2:$D$706,4,0),"") -> Blue Care Network | E80: Blue Care Network
A81: =B81&" "&C81 -> PA Geisinger Gold | B81: PA | C81: Geisinger Gold | D81: =IFERROR(VLOOKUP(A81,'MLR Data'!$A$2:$D$706,4,0),"")
A82: =B82&" "&C82 -> ID Blue Cross Of Idaho Hlth Services Inc | B82: ID | C82: Blue Cross Of Idaho Hlth Services Inc | D82: =IFERROR(VLOOKUP(A82,'MLR Data'!$A$2:$D$706,4,0),"") | E82: Blue Cross of Idaho Health Service, Inc.
A83: =B83&" "&C83 -> NY BlueCross BlueShield of WNY and BlueShield of NENY | B83: NY | C83: BlueCross BlueShield of WNY and BlueShield of NENY | D83: =IFERROR(VLOOKUP(A83,'MLR Data'!$A$2:$D$706,4,0),"")
A84: =B84&" "&C84 -> CA Health Net of California | B84: CA | C84: Health Net of California | D84: =IFERROR(VLOOKUP(A84,'MLR Data'!$A$2:$D$706,4,0),"") | E84: Health Net of California, Inc
A85: =B85&" "&C85 -> CA SecureHorizons by UnitedHealthcare | B85: CA | C85: SecureHorizons by UnitedHealthcare | D85: =IFERROR(VLOOKUP(A85,'MLR Data'!$A$2:$D$706,4,0),"") | E85: UnitedHealthcare Insurance Company
A86: =B86&" "&C86 -> IN SecureHorizons by UnitedHealthcare | B86: IN | C86: SecureHorizons by UnitedHealthcare | D86: =IFERROR(VLOOKUP(A86,'MLR Data'!$A$2:$D$706,4,0),"") | E86: UnitedHealthcare Insurance Company
A87: =B87&" "&C87 -> TN AmeriChoice Secure Plus Complete | B87: TN | C87: AmeriChoice Secure Plus Complete | D87: =IFERROR(VLOOKUP(A87,'MLR Data'!$A$2:$D$706,4,0),"")
A88: =B88&" "&C88 -> WI Network Platinum Medicare Advantage Plans | B88: WI | C88: Network Platinum Medicare Advantage Plans | D88: =IFERROR(VLOOKUP(A88,'MLR Data'!$A$2:$D$706,4,0),"") | E88: Network Health Plan
A89: =B89&" "&C89 -> CT Health Net of Connecticut | B89: CT | C89: Health Net of Connecticut | E89: Health Net Life Insurance Company
A90: =B90&" "&C90 -> CA Aetna Medicare | B90: CA | C90: Aetna Medicare | D90: =IFERROR(VLOOKUP(A90,'MLR Data'!$A$2:$D$706,4,0),"") | E90: Aetna Health of California Inc.
A91: =B91&" "&C91 -> MD Aetna Medicare | B91: MD | C91: Aetna Medicare | D91: =IFERROR(VLOOKUP(A91,'MLR Data'!$A$2:$D$706,4,0),"") | E91: Aetna Health Inc. (a Pennsylvania corporation)
A92: =B92&" "&C92 -> TX Scott and White Health Plan SeniorCare | B92: TX | C92: Scott and White Health Plan SeniorCare | D92: =IFERROR(VLOOKUP(A92,'MLR Data'!$A$2:$D$706,4,0),"") | E92: Scott and White Health Plan
A93: =B93&" "&C93 -> WA Group Health Cooperative | B93: WA | C93: Group Health Cooperative | D93: =IFERROR(VLOOKUP(A93,'MLR Data'!$A$2:$D$706,4,0),"") -> Group Health Cooperative | E93: Group Health Cooperative
A94: =B94&" "&C94 -> CO Rocky Mountain Health Plans | B94: CO | C94: Rocky Mountain Health Plans | D94: =IFERROR(VLOOKUP(A94,'MLR Data'!$A$2:$D$706,4,0),"") | E94: Rocky Mountain Health Maintenance Organization, Inc.
A95: =B95&" "&C95 -> SC Blue Cross Blue Shield of South Carolina | B95: SC | C95: Blue Cross Blue Shield of South Carolina | D95: =IFERROR(VLOOKUP(A95,'MLR Data'!$A$2:$D$706,4,0),"") | E95: BlueCross and BlueShield of South Carolina
A96: =B96&" "&C96 -> WI SecureHorizons MedicareDirect | B96: WI | C96: SecureHorizons MedicareDirect | D96: =IFERROR(VLOOKUP(A96,'MLR Data'!$A$2:$D$706,4,0),"") | E96: UnitedHealthcare Insurance Company
A97: =B97&" "&C97 -> FL Quality Health Plans | B97: FL | C97: Quality Health Plans | D97: =IFERROR(VLOOKUP(A97,'MLR Data'!$A$2:$D$706,4,0),"")
A98: =B98&" "&C98 -> FL CarePlus Health Plans, Inc. | B98: FL | C98: CarePlus Health Plans, Inc. | D98: =IFERROR(VLOOKUP(A98,'MLR Data'!$A$2:$D$706,4,0),"")
A99: =B99&" "&C99 -> NC CIGNA Medicare Access | B99: NC | C99: CIGNA Medicare Access | D99: =IFERROR(VLOOKUP(A99,'MLR Data'!$A$2:$D$706,4,0),"") | E99: Connecticut General Life Insurance Company
A100: =B100&" "&C100 -> AZ Humana Insurance Company | B100: AZ | C100: Humana Insurance Company | D100: =IFERROR(VLOOKUP(A100,'MLR Data'!$A$2:$D$706,4,0),"") | E100: Humana Health Plan, Inc.
A101: =B101&" "&C101 -> CA Secure Horizons Medicare Advantage Plan | B101: CA | C101: Secure Horizons Medicare Advantage Plan | D101: =IFERROR(VLOOKUP(A101,'MLR Data'!$A$2:$D$706,4,0),"") | E101: UnitedHealthcare Insurance Company
A102: =B102&" "&C102 -> TX Texas HealthSpring | B102: TX | C102: Texas HealthSpring | D102: =IFERROR(VLOOKUP(A102,'MLR Data'!$A$2:$D$706,4,0),"")
A103: =B103&" "&C103 -> CT ConnectiCare, Inc. | B103: CT | C103: ConnectiCare, Inc. | D103: =IFERROR(VLOOKUP(A103,'MLR Data'!$A$2:$D$706,4,0),"") | E103: ConnectiCare, Inc
A104: =B104&" "&C104 -> AL SecureHorizons by UnitedHealthcare | B104: AL | C104: SecureHorizons by UnitedHealthcare | D104: =IFERROR(VLOOKUP(A104,'MLR Data'!$A$2:$D$706,4,0),"") | E104: UnitedHealthcare Insurance Company
A105: =B105&" "&C105 -> IL SecureHorizons by UnitedHealthcare | B105: IL | C105: SecureHorizons by UnitedHealthcare | D105: =IFERROR(VLOOKUP(A105,'MLR Data'!$A$2:$D$706,4,0),"") | E105: UnitedHealthcare Insurance Company
A106: =B106&" "&C106 -> NY Independent Health | B106: NY | C106: Independent Health | D106: =IFERROR(VLOOKUP(A106,'MLR Data'!$A$2:$D$706,4,0),"") | E106: Independent Health Association, Inc
...

Sheet MLR Data
A1: state and company | B1: business_state | C1: state_code | D1: company_name | E1: group_affiliation
A2: =C2&" "&D2 -> AL Aetna Life Insurance Company | B2: Alabama | C2: AL | D2: Aetna Life Insurance Company | E2: Aetna Inc
A3: =C3&" "&D3 -> AL Blue Cross and Blue Shield of Alabama | B3: Alabama | C3: AL | D3: Blue Cross and Blue Shield of Alabama | E3: Blue Cross and Blue Shield of Alabama
A4: =C4&" "&D4 -> AL Celtic Insurance Company | B4: Alabama | C4: AL | D4: Celtic Insurance Company | E4: CeltiCare
A5: =C5&" "&D5 -> AL Connecticut General Life Insurance Company | B5: Alabama | C5: AL | D5: Connecticut General Life Insurance Company | E5: Cigna Hlth Grp
A6: =C6&" "&D6 -> AL HealthSpring of Alabama, Inc. | B6: Alabama | C6: AL | D6: HealthSpring of Alabama, Inc. | E6: HealthSpring, Inc.
A7: =C7&" "&D7 -> AL Humana Health Plan, Inc. | B7: Alabama | C7: AL | D7: Humana Health Plan, Inc. | E7: HUMANA GRP
A8: =C8&" "&D8 -> AL Humana Insurance Company, Inc. | B8: Alabama | C8: AL | D8: Humana Insurance Company, Inc. | E8: HUMANA GRP
A9: =C9&" "&D9 -> AL PacifiCare Life and Health Insurance Co | B9: Alabama | C9: AL | D9: PacifiCare Life and Health Insurance Co | E9: UnitedHealth Grp
A10: =C10&" "&D10 -> AL Sierra Health and Life Insurance Company, Inc. | B10: Alabama | C10: AL | D10: Sierra Health and Life Insurance Company, Inc. | E10: UnitedHealth Grp
A11: =C11&" "&D11 -> AL UNICARE Life & Health Insurance Company | B11: Alabama | C11: AL | D11: UNICARE Life & Health Insurance Company | E11: Wellpoint Inc Grp
A12: =C12&" "&D12 -> AL United American Insurance Co | B12: Alabama | C12: AL | D12: United American Insurance Co | E12: LIBERTY NATL GRP
A13: =C13&" "&D13 -> AL UnitedHealthcare Insurance Company | B13: Alabama | C13: AL | D13: UnitedHealthcare Insurance Company | E13: UnitedHealth Group
A14: =C14&" "&D14 -> AL UnitedHealthcare of Alabama, Inc | B14: Alabama | C14: AL | D14: UnitedHealthcare of Alabama, Inc | E14: UnitedHealth Group
A15: =C15&" "&D15 -> AL VIVA Health, Inc. | B15: Alabama | C15: AL | D15: VIVA Health, Inc.
A16: =C16&" "&D16 -> AK Aetna Life Insurance Company | B16: Alaska | C16: AK | D16: Aetna Life Insurance Company | E16: Aetna Inc
A17: =C17&" "&D17 -> AK Connecticut General Life Insurance Company | B17: Alaska | C17: AK | D17: Connecticut General Life Insurance Company | E17: Cigna Hlth Grp
A18: =C18&" "&D18 -> AK Humana Insurance Company, Inc. | B18: Alaska | C18: AK | D18: Humana Insurance Company, Inc. | E18: HUMANA GRP
A19: =C19&" "&D19 -> AK United American Insurance Co | B19: Alaska | C19: AK | D19: United American Insurance Co | E19: LIBERTY NATL GRP
A20: =C20&" "&D20 -> AK UnitedHealthcare Insurance Company | B20: Alaska | C20: AK | D20: UnitedHealthcare Insurance Company | E20: UnitedHealth Group
A21: =C21&" "&D21 -> AZ Aetna Health Inc. (a Pennsylvania corporation) | B21: Arizona | C21: AZ | D21: Aetna Health Inc. (a Pennsylvania corporation) | E21: Aetna Inc
A22: =C22&" "&D22 -> AZ Aetna Life Insurance Company | B22: Arizona | C22: AZ | D22: Aetna Life Insurance Company | E22: Aetna Inc
A23: =C23&" "&D23 -> AZ Celtic Insurance Company | B23: Arizona | C23: AZ | D23: Celtic Insurance Company | E23: CeltiCare
A24: =C24&" "&D24 -> AZ Cigna HealthCare of Arizona, Inc. | B24: Arizona | C24: AZ | D24: Cigna HealthCare of Arizona, Inc. | E24: Cigna Hlth Grp
A25: =C25&" "&D25 -> AZ Connecticut General Life Insurance Company | B25: Arizona | C25: AZ | D25: Connecticut General Life Insurance Company | E25: Cigna Hlth Grp
A26: =C26&" "&D26 -> AZ Health Net Life Insurance Company | B26: Arizona | C26: AZ | D26: Health Net Life Insurance Company | E26: Health Net Inc. Grp
A27: =C27&" "&D27 -> AZ Health Net of Arizona, Inc | B27: Arizona | C27: AZ | D27: Health Net of Arizona, Inc | E27: Health Net Inc. Grp
... A45: =C45&" "&D45 -> AR UnitedHealthcare of Arkansas, Inc. | B45: Arkansas | C45: AR | D45: UnitedHealthcare of Arkansas, Inc. | E45: UnitedHealth Group
A46: =C46&" "&D46 -> CA Aetna Health of California Inc. | B46: California | C46: CA | D46: Aetna Health of California Inc.
A47: =C47&" "&D47 -> CA Aetna Life Insurance Company | B47: California | C47: CA | D47: Aetna Life Insurance Company | E47: Aetna Inc
A48: =C48&" "&D48 -> CA Anthem Blue Cross Life and Health Insurance Company, Inc. | B48: California | C48: CA | D48: Anthem Blue Cross Life and Health Insurance Company, Inc. | E48: WellPoint Inc Grp
A49: =C49&" "&D49 -> CA Blue Cross of California | B49: California | C49: CA | D49: Blue Cross of California
A50: =C50&" "&D50 -> CA California Physicians Service | B50: California | C50: CA | D50: California Physicians Service | E50: Blue Shield of California Group
A51: =C51&" "&D51 -> CA Celtic Insurance Company | B51: California | C51: CA | D51: Celtic Insurance Company | E51: CeltiCare
A52: =C52&" "&D52 -> CA Chinese Community Health Plan | B52: California | C52: CA | D52: Chinese Community Health Plan
A53: =C53&" "&D53 -> CA Connecticut General Life Insurance Company | B53: California | C53: CA | D53: Connecticut General Life Insurance Company | E53: Cigna Hlth Grp
A54: =C54&" "&D54 -> CA County of Ventura, dba Ventura County Health Care Plan | B54: California | C54: CA | D54: County of Ventura, dba Ventura County Health Care Plan
A55: =C55&" "&D55 -> CA Health Net Life Insurance Company | B55: California | C55: CA | D55: Health Net Life Insurance Company | E55: Health Net Inc. Grp
A56: =C56&" "&D56 -> CA Health Net of California, Inc | B56: California | C56: CA | D56: Health Net of California, Inc | E56: Health Net Inc. Grp
A57: =C57&" "&D57 -> CA Humana Insurance Company, Inc. | B57: California | C57: CA | D57: Humana Insurance Company, Inc. | E57: HUMANA GRP
A58: =C58&" "&D58 -> CA Kaiser Foundation Health Plan, Inc. | B58: California | C58: CA | D58: Kaiser Foundation Health Plan, Inc.
A59: =C59&" "&D59 -> CA PacifiCare Life and Health Insurance Co | B59: California | C59: CA | D59: PacifiCare Life and Health Insurance Co | E59: UnitedHealth Grp
A60: =C60&" "&D60 -> CA San Mateo Health Commission | B60: California | C60: CA | D60: San Mateo Health Commission
A61: =C61&" "&D61 -> CA Sierra Health and Life Insurance Company, Inc. | B61: California | C61: CA | D61: Sierra Health and Life Insurance Company, Inc. | E61: UnitedHealth Grp
A62: =C62&" "&D62 -> CA UHC of California | B62: California | C62: CA | D62: UHC of California
A63: =C63&" "&D63 -> CA UNICARE Life & Health Insurance Company | B63: California | C63: CA | D63: UNICARE Life & Health Insurance Company | E63: Wellpoint Inc Grp
A64: =C64&" "&D64 -> CA United American Insurance Co | B64: California | C64: CA | D64: United American Insurance Co | E64: LIBERTY NATL GRP
A65: =C65&" "&D65 -> CA UnitedHealthcare Insurance Company | B65: California | C65: CA | D65: UnitedHealthcare Insurance Company | E65: UnitedHealth Group
A66: =C66&" "&D66 -> CO Aetna Health Inc. (a Pennsylvania corporation) | B66: Colorado | C66: CO | D66: Aetna Health Inc. (a Pennsylvania corporation) | E66: Aetna Inc
A67: =C67&" "&D67 -> CO Aetna Life Insurance Company | B67: Colorado | C67: CO | D67: Aetna Life Insurance Company | E67: Aetna Inc
A68: =C68&" "&D68 -> CO Celtic Insurance Company | B68: Colorado | C68: CO | D68: Celtic Insurance Company | E68: CeltiCare
A69: =C69&" "&D69 -> CO Colorado Choice Health Plans | B69: Colorado | C69: CO | D69: Colorado Choice Health Plans
A70: =C70&" "&D70 -> CO Connecticut General Life Insurance Company | B70: Colorado | C70: CO | D70: Connecticut General Life Insurance Company | E70: Cigna Hlth Grp
A71: =C71&" "&D71 -> CO Denver Health Medical Plan, Inc. | B71: Colorado | C71: CO | D71: Denver Health Medical Plan, Inc.
A72: =C72&" "&D72 -> CO HMO Colorado, Inc. | B72: Colorado | C72: CO | D72: HMO Colorado, Inc. | E72: Wellpoint Inc Grp
A73: =C73&" "&D73 -> CO Humana Health Plan, Inc. | B73: Colorado | C73: CO | D73: Humana Health Plan, Inc. | E73: HUMANA GRP
A74: =C74&" "&D74 -> CO Humana Insurance Company, Inc. | B74: Colorado | C74: CO | D74: Humana Insurance Company, Inc. | E74: HUMANA GRP
A75: =C75&" "&D75 -> CO Kaiser Foundation Health Plan of Colorado | B75: Colorado | C75: CO | D75: Kaiser Foundation Health Plan of Colorado | E75: Kaiser Foundation Group
A76: =C76&" "&D76 -> CO PacifiCare Life and Health Insurance Co | B76: Colorado | C76: CO | D76: PacifiCare Life and Health Insurance Co | E76: UnitedHealth Grp
A77: =C77&" "&D77 -> CO Rocky Mountain Health Maintenance Organization, Inc. | B77: Colorado | C77: CO | D77: Rocky Mountain Health Maintenance Organization, Inc. | E77: Rocky Mountain Health Group
A78: =C78&" "&D78 -> CO UNICARE Life & Health Insurance Company | B78: Colorado | C78: CO | D78: UNICARE Life & Health Insurance Company | E78: Wellpoint Inc Grp
A79: =C79&" "&D79 -> CO United American Insurance Co | B79: Colorado | C79: CO | D79: United American Insurance Co | E79: LIBERTY NATL GRP
A80: =C80&" "&D80 -> CO UnitedHealthcare Insurance Company | B80: Colorado | C80: CO | D80: UnitedHealthcare Insurance Company | E80: UnitedHealth Group
A81: =C81&" "&D81 -> CT Aetna Health Inc. (a Connecticut corporation) | B81: Connecticut | C81: CT | D81: Aetna Health Inc. (a Connecticut corporation) | E81: Aetna Inc
A82: =C82&" "&D82 -> CT Aetna Life Insurance Company | B82: Connecticut | C82: CT | D82: Aetna Life Insurance Company | E82: Aetna Inc
A83: =C83&" "&D83 -> CT Anthem Health Plans, Inc. | B83: Connecticut | C83: CT | D83: Anthem Health Plans, Inc. | E83: WellPoint Inc Grp
... A102: =C102&" "&D102 -> DE UnitedHealthcare Insurance Company | B102: Delaware | C102: DE | D102: UnitedHealthcare Insurance Company | E102: UnitedHealth Group
A103: =C103&" "&D103 -> #N/A | B103: District of Columbia | C103: #N/A | D103: Aetna Health Inc. (a Pennsylvania corporation) | E103: Aetna Inc
A104: =C104&" "&D104 -> #N/A | B104: District of Columbia | C104: #N/A | D104: Aetna Life Insurance Company | E104: Aetna Inc
A105: =C105&" "&D105 -> #N/A | B105: District of Columbia | C105: #N/A | D105: Celtic Insurance Company | E105: CeltiCare
A106: =C106&" "&D106 -> #N/A | B106: District of Columbia | C106: #N/A | D106: Connecticut General Life Insurance Company | E106: Cigna Hlth Grp
A107: =C107&" "&D107 -> #N/A | B107: District of Columbia | C107: #N/A | D107: Humana Insurance Company, Inc. | E107: HUMANA GRP
A108: =C108&" "&D108 -> #N/A | B108: District of Columbia | C108: #N/A | D108: Kaiser Foundation Health Plan of Mid-Atlantic States, Inc. | E108: Kaiser Foundation Group
A109: =C109&" "&D109 -> #N/A | B109: District of Columbia | C109: #N/A | D109: UNICARE Life & Health Insurance Company | E109: Wellpoint Inc Grp
A110: =C110&" "&D110 -> #N/A | B110: District of Columbia | C110: #N/A | D110: United American Insurance Co | E110: LIBERTY NATL GRP
A111: =C111&" "&D111 -> #N/A | B111: District of Columbia | C111: #N/A | D111: UnitedHealthcare Insurance Company | E111: UnitedHealth Group
A112: =C112&" "&D112 -> FL Aetna Health Inc. (a Florida corporation) | B112: Florida | C112: FL | D112: Aetna Health Inc. (a Florida corporation) | E112: Aetna Inc
A113: =C113&" "&D113 -> FL Aetna Life Insurance Company | B113: Florida | C113: FL | D113: Aetna Life Insurance Company | E113: Aetna Inc
A114: =C114&" "&D114 -> FL AvMed, Inc. | B114: Florida | C114: FL | D114: AvMed, Inc.
A115: =C115&" "&D115 -> FL Blue Cross and Blue Shield of Florida, Inc. | B115: Florida | C115: FL | D115: Blue Cross and Blue Shield of Florida, Inc. | E115: Blue Cross and Blue Shield of Florida, Inc.
A116: =C116&" "&D116 -> FL Capital Health Plan | B116: Florida | C116: FL | D116: Capital Health Plan | E116: Blue Cross and Blue Shield of Florida, Inc.
A117: =C117&" "&D117 -> FL Celtic Insurance Company | B117: Florida | C117: FL | D117: Celtic Insurance Company | E117: CeltiCare
A118: =C118&" "&D118 -> FL Citrus Health Care, Inc. | B118: Florida | C118: FL | D118: Citrus Health Care, Inc. | E118: UnitedHealth Group
A119: =C119&" "&D119 -> FL Connecticut General Life Insurance Company | B119: Florida | C119: FL | D119: Connecticut General Life Insurance Company | E119: Cigna Hlth Grp
A120: =C120&" "&D120 -> FL Coventry Health Care of Fl., Inc. | B120: Florida | C120: FL | D120: Coventry Health Care of Fl., Inc. | E120: Coventry Health Care, Inc.
A121: =C121&" "&D121 -> FL Coventry Health Plan of Fl., Inc. | B121: Florida | C121: FL | D121: Coventry Health Plan of Fl., Inc. | E121: Coventry Health Care, Inc.
A122: =C122&" "&D122 -> FL Florida Health Care Plan, Inc | B122: Florida | C122: FL | D122: Florida Health Care Plan, Inc | E122: Blue Cross Blue Shield of FL, Inc.
A123: =C123&" "&D123 -> FL Health First Health Plans | B123: Florida | C123: FL | D123: Health First Health Plans | E123: Health First Group
A124: =C124&" "&D124 -> FL Health Net Life Insurance Company | B124: Florida | C124: FL | D124: Health Net Life Insurance Company | E124: Health Net Inc. Grp
A125: =C125&" "&D125 -> FL Health Options, Inc. | B125: Florida | C125: FL | D125: Health Options, Inc. | E125: Blue Cross and Blue Shield of Florida, Inc.
A126: =C126&" "&D126 -> FL Humana Health Insurance Company of Florida, Inc. | B126: Florida | C126: FL | D126: Humana Health Insurance Company of Florida, Inc. | E126: HUMANA GRP
... A130: =C130&" "&D130 -> FL PacifiCare Life and Health Insurance Co | B130: Florida | C130: FL | D130: PacifiCare Life and Health Insurance Co | E130: UnitedHealth Grp
A131: =C131&" "&D131 -> FL Preferred Medical Plan, Inc. | B131: Florida | C131: FL | D131: Preferred Medical Plan, Inc.
A132: =C132&" "&D132 -> FL UNICARE Life & Health Insurance Company | B132: Florida | C132: FL | D132: UNICARE Life & Health Insurance Company | E132: Wellpoint Inc Grp
A133: =C133&" "&D133 -> FL United American Insurance Co | B133: Florida | C133: FL | D133: United American Insurance Co | E133: LIBERTY NATL GRP
A134: =C134&" "&D134 -> FL UnitedHealthcare Insurance Company | B134: Florida | C134: FL | D134: UnitedHealthcare Insurance Company | E134: UnitedHealth Group
A135: =C135&" "&D135 -> FL UnitedHealthcare of Florida, Inc. | B135: Florida | C135: FL | D135: UnitedHealthcare of Florida, Inc. | E135: UnitedHealth Group
A136: =C136&" "&D136 -> GA Aetna Health Inc. (a Georgia corporation) | B136: Georgia | C136: GA | D136: Aetna Health Inc. (a Georgia corporation) | E136: Aetna Inc
A137: =C137&" "&D137 -> GA Aetna Life Insurance Company | B137: Georgia | C137: GA | D137: Aetna Life Insurance Company | E137: Aetna Inc
A138: =C138&" "&D138 -> GA Blue Cross and Blue Shield of Georgia, Inc. | B138: Georgia | C138: GA | D138: Blue Cross and Blue Shield of Georgia, Inc. | E138: WellPoint Inc Grp
...
